team,espn_fpi,lucas_fpi,espn_wins,lucas_wins,rankswap_wins,delta,espn_bowl,lucas_bowl,espn_10w,lucas_10w,flag
Central Michigan,-12.8,-8.0,5.6,6.77,5.55,1.17,0.519,0.79,0.006,0.033,
Penn State,13.7,17.0,8.74,9.39,9.52,0.65,0.985,0.996,0.307,0.489,
Eastern Michigan,-16.3,-13.7,4.88,5.5,4.9,0.62,0.338,0.5,0.001,0.004,
Florida International,-12.6,-10.3,5.98,6.56,6.47,0.57,0.621,0.751,0.013,0.029,
Illinois,6.3,8.8,6.71,7.27,7.12,0.56,0.801,0.886,0.023,0.055,
Troy,-7.4,-5.1,6.55,7.1,6.37,0.55,0.756,0.85,0.024,0.054,
Virginia Tech,7.4,9.3,6.97,7.38,7.3,0.41,0.826,0.886,0.047,0.079,
Bowling Green,-13.7,-12.8,5.13,5.47,5.12,0.34,0.395,0.491,0.002,0.004,
Kent State,-17.9,-16.9,4.14,4.44,4.14,0.3,0.167,0.225,0.0,0.0,
Liberty,-7.7,-6.6,7.27,7.56,7.54,0.29,0.866,0.903,0.074,0.103,
South Alabama,-10.5,-9.6,5.65,5.93,6.02,0.27,0.535,0.603,0.007,0.012,
Louisiana,-8.3,-7.4,6.82,7.05,7.57,0.23,0.801,0.842,0.039,0.053,
Arkansas State,-9.2,-8.3,6.26,6.48,6.65,0.22,0.683,0.73,0.017,0.025,
Rutgers,-0.2,0.3,5.12,5.3,5.48,0.18,0.388,0.438,0.001,0.002,
UAB,-15.5,-14.6,4.28,4.44,4.36,0.16,0.201,0.235,0.001,0.001,
North Dakota State,-8.3,-8.3,6.63,6.78,6.63,0.15,0.757,0.787,0.03,0.037,
Toledo,-3.0,-3.0,8.02,8.16,8.04,0.14,0.944,0.953,0.172,0.198,
Fresno State,-2.5,-2.5,6.06,6.17,6.05,0.12,0.648,0.678,0.008,0.01,
UConn,-11.2,-11.2,5.22,5.33,5.31,0.11,0.419,0.448,0.004,0.004,
Hawai'i,-2.4,-2.4,7.62,7.73,7.34,0.11,0.904,0.918,0.114,0.128,
Indiana,23.1,23.1,9.68,9.78,9.86,0.1,0.998,0.998,0.586,0.621,
Louisiana Tech,-9.6,-9.2,5.56,5.66,5.68,0.1,0.512,0.541,0.005,0.005,
Tulane,2.3,2.3,7.92,8.01,6.1,0.09,0.936,0.944,0.158,0.17,under
Jacksonville State,-8.5,-8.5,6.96,7.05,6.99,0.08,0.818,0.83,0.056,0.061,
Oregon,25.3,25.3,9.69,9.75,9.75,0.06,0.999,0.999,0.587,0.606,
Old Dominion,-4.4,-4.4,7.08,7.14,7.15,0.06,0.831,0.841,0.067,0.07,
Ohio State,28.7,28.7,9.64,9.7,9.69,0.06,0.999,1.0,0.566,0.585,
Massachusetts,-18.8,-18.8,5.16,5.21,5.15,0.06,0.398,0.41,0.001,0.002,
Auburn,12.0,12.0,6.5,6.55,6.59,0.05,0.743,0.756,0.021,0.022,
Oklahoma,17.8,17.8,7.44,7.49,7.12,0.05,0.898,0.904,0.085,0.091,
James Madison,-2.0,-2.0,7.8,7.85,7.92,0.05,0.931,0.935,0.134,0.143,
Western Kentucky,-4.9,-4.9,6.8,6.84,6.89,0.04,0.811,0.819,0.024,0.025,
NC State,3.7,3.7,6.64,6.68,6.59,0.04,0.76,0.767,0.035,0.037,
Iowa,10.6,10.6,7.56,7.6,8.31,0.04,0.919,0.923,0.086,0.092,
Louisville,9.5,9.5,7.41,7.45,7.76,0.03,0.883,0.887,0.093,0.096,
Florida,13.6,13.6,6.7,6.73,6.33,0.03,0.778,0.784,0.034,0.035,
Marshall,-8.8,-8.7,6.5,6.53,6.53,0.03,0.74,0.748,0.023,0.024,
SMU,11.1,11.1,8.01,8.03,8.44,0.02,0.95,0.952,0.161,0.166,
LSU,20.0,20.1,8.23,8.25,8.27,0.02,0.966,0.967,0.202,0.206,
Washington,9.9,9.9,6.92,6.94,6.88,0.02,0.83,0.835,0.041,0.041,
Vanderbilt,9.0,9.0,6.23,6.25,6.22,0.02,0.683,0.687,0.017,0.017,
Tulsa,-9.0,-9.0,5.78,5.8,5.86,0.02,0.572,0.577,0.006,0.007,
Texas A&M,20.0,20.0,8.1,8.11,7.68,0.01,0.959,0.96,0.176,0.177,
UTEP,-16.6,-16.6,4.18,4.19,4.19,0.01,0.177,0.179,0.0,0.0,
West Virginia,0.2,0.2,5.54,5.55,5.46,0.01,0.509,0.512,0.005,0.005,
Wake Forest,3.4,3.4,6.26,6.27,5.46,0.01,0.685,0.685,0.017,0.018,
UCLA,0.5,0.5,5.17,5.19,6.2,0.01,0.416,0.417,0.002,0.003,over
New Mexico State,-15.7,-15.7,4.66,4.67,4.73,0.01,0.292,0.296,0.001,0.001,
Syracuse,-0.8,-0.8,4.87,4.88,4.83,0.01,0.33,0.333,0.002,0.002,
North Carolina,4.9,4.9,5.81,5.82,5.95,0.01,0.576,0.579,0.007,0.007,
Washington State,-4.1,-4.1,5.16,5.16,5.12,0.0,0.405,0.405,0.001,0.001,
Arkansas,4.4,4.4,4.48,4.48,4.47,-0.0,0.234,0.234,0.001,0.001,
Arizona,7.2,7.2,7.23,7.23,7.1,0.0,0.863,0.863,0.069,0.069,
Arizona State,4.8,4.8,5.93,5.93,6.03,0.0,0.605,0.605,0.011,0.011,
App State,-9.8,-9.8,6.15,6.15,6.16,-0.0,0.652,0.652,0.017,0.017,
Alabama,20.1,20.0,8.3,8.3,8.36,-0.0,0.965,0.965,0.216,0.214,
Air Force,-6.8,-6.8,7.04,7.04,6.95,0.0,0.832,0.832,0.061,0.061,
Akron,-16.9,-16.3,4.57,4.57,4.58,-0.0,0.261,0.26,0.0,0.0,
Navy,-0.7,-0.7,7.63,7.63,8.06,-0.0,0.915,0.915,0.104,0.104,
Kansas State,5.1,5.1,6.93,6.93,7.58,0.0,0.814,0.814,0.053,0.053,over
Kansas,2.8,2.8,6.06,6.06,6.13,0.0,0.635,0.635,0.015,0.015,
North Texas,-6.4,-6.4,6.15,6.15,5.04,0.0,0.664,0.665,0.01,0.011,under
San Diego State,1.4,1.4,7.12,7.12,7.02,0.0,0.856,0.856,0.052,0.052,
Georgia,24.8,24.8,9.41,9.41,9.32,0.0,0.996,0.996,0.5,0.501,
Mississippi State,4.1,4.1,4.85,4.85,4.78,0.0,0.319,0.319,0.001,0.001,
Nevada,-11.9,-11.9,5.49,5.49,4.89,0.0,0.494,0.494,0.005,0.005,
Houston,7.1,7.1,7.26,7.26,7.16,0.0,0.87,0.87,0.072,0.072,
East Carolina,-0.6,-0.6,7.71,7.71,7.56,0.0,0.929,0.929,0.114,0.114,
Boise State,4.0,4.0,7.25,7.25,7.22,0.0,0.887,0.887,0.044,0.044,
BYU,13.1,13.1,8.3,8.3,8.27,0.0,0.968,0.968,0.218,0.218,
Colorado,4.5,4.5,6.09,6.09,4.74,0.0,0.639,0.639,0.017,0.017,under
Colorado State,-12.4,-12.4,4.01,4.01,3.9,0.0,0.152,0.152,0.0,0.0,
Cincinnati,4.4,4.4,6.38,6.38,6.42,0.0,0.712,0.712,0.019,0.019,
Baylor,6.5,6.5,6.62,6.61,6.17,-0.0,0.759,0.758,0.032,0.032,under
Ole Miss,16.0,16.0,7.21,7.22,8.08,0.0,0.872,0.873,0.063,0.063,over
Texas,26.9,26.9,9.23,9.23,9.24,-0.0,0.995,0.995,0.442,0.441,
UCF,2.1,2.1,6.1,6.1,6.41,0.0,0.638,0.638,0.016,0.016,
UL Monroe,-19.3,-19.3,4.02,4.02,3.91,-0.0,0.159,0.162,0.001,0.0,
Texas Tech,20.0,20.0,10.02,10.02,10.11,0.0,0.999,0.999,0.687,0.687,
Utah,8.5,8.5,7.59,7.59,7.66,0.0,0.905,0.905,0.115,0.115,
Texas State,-4.3,-4.3,5.71,5.71,5.7,0.0,0.553,0.553,0.002,0.002,
Tennessee,15.1,15.1,7.26,7.26,7.16,0.0,0.868,0.868,0.074,0.074,
Notre Dame,25.9,25.9,10.5,10.5,10.48,0.0,1.0,1.0,0.822,0.823,
Oregon State,-8.1,-8.1,4.73,4.73,5.03,0.0,0.295,0.295,0.0,0.0,
South Carolina,11.7,11.7,6.48,6.48,7.09,-0.0,0.738,0.737,0.021,0.021,over
Rice,-13.4,-13.4,4.23,4.23,4.3,0.0,0.199,0.199,0.0,0.0,
Northern Illinois,-14.5,-14.5,4.68,4.68,4.69,0.0,0.287,0.287,0.001,0.001,
Oklahoma State,3.3,3.3,5.95,5.95,6.33,0.0,0.61,0.61,0.011,0.011,over
Army,-5.6,-5.6,6.47,6.46,6.54,-0.01,0.722,0.72,0.029,0.028,
Pittsburgh,6.6,6.6,7.05,7.04,6.16,-0.01,0.839,0.838,0.057,0.055,under
Kentucky,5.4,5.4,4.87,4.86,4.9,-0.01,0.33,0.327,0.002,0.002,
TCU,6.4,6.4,6.78,6.76,6.75,-0.01,0.79,0.787,0.041,0.04,
Clemson,13.4,13.4,7.97,7.96,6.96,-0.01,0.947,0.946,0.157,0.155,
Iowa State,-0.9,-0.9,5.31,5.3,5.85,-0.01,0.447,0.443,0.004,0.004,
UNLV,1.8,1.8,8.45,8.44,8.36,-0.01,0.966,0.966,0.255,0.254,
Minnesota,0.6,0.6,5.36,5.34,5.53,-0.02,0.459,0.454,0.002,0.002,
Kennesaw State,-9.0,-9.0,6.49,6.47,6.76,-0.02,0.732,0.729,0.026,0.026,
Memphis,-1.9,-1.9,6.94,6.92,7.33,-0.02,0.816,0.811,0.048,0.047,over
UTSA,-5.3,-5.3,6.43,6.41,7.48,-0.02,0.729,0.725,0.02,0.02,over
Stanford,-3.3,-3.3,4.08,4.05,3.97,-0.03,0.163,0.157,0.0,0.0,
California,0.9,0.9,5.65,5.61,7.21,-0.03,0.537,0.528,0.006,0.006,over
Temple,-8.6,-8.6,5.71,5.68,5.53,-0.03,0.551,0.544,0.009,0.008,
Boston College,-2.7,-2.7,4.19,4.16,4.09,-0.03,0.179,0.175,0.001,0.001,
Missouri,12.2,12.2,6.62,6.6,6.55,-0.03,0.768,0.762,0.031,0.03,
Miami,21.8,21.8,9.63,9.6,9.82,-0.03,0.998,0.998,0.571,0.563,
Georgia State,-15.2,-15.2,4.73,4.7,4.6,-0.04,0.309,0.299,0.002,0.002,
Duke,3.5,3.5,5.99,5.95,6.23,-0.04,0.627,0.618,0.012,0.011,
Coastal Carolina,-12.1,-12.1,5.34,5.3,5.26,-0.04,0.453,0.442,0.004,0.003,
Georgia Tech,4.2,4.2,5.87,5.83,6.88,-0.04,0.593,0.583,0.011,0.01,over
Utah State,-6.7,-6.7,4.9,4.84,4.62,-0.05,0.335,0.322,0.001,0.001,
Middle Tennessee,-16.1,-16.1,4.88,4.83,4.87,-0.05,0.338,0.327,0.001,0.001,
Florida Atlantic,-11.3,-11.3,5.24,5.19,6.22,-0.05,0.431,0.416,0.003,0.003,over
Sam Houston,-18.4,-18.4,4.23,4.18,4.19,-0.05,0.192,0.182,0.0,0.0,
San José State,-14.3,-14.3,5.27,5.21,5.58,-0.06,0.437,0.422,0.004,0.003,
Wisconsin,4.8,4.8,6.49,6.43,5.46,-0.07,0.748,0.735,0.021,0.018,under
Georgia Southern,-8.7,-8.8,5.73,5.65,5.77,-0.08,0.554,0.534,0.007,0.006,
South Florida,-0.9,-0.9,8.1,8.02,7.78,-0.08,0.952,0.946,0.177,0.166,
Ball State,-17.3,-17.9,4.42,4.34,4.41,-0.08,0.233,0.214,0.0,0.0,
New Mexico,-3.5,-3.5,7.41,7.32,7.67,-0.09,0.89,0.878,0.082,0.072,
Purdue,-0.9,-0.9,4.5,4.41,4.4,-0.09,0.249,0.229,0.001,0.0,
Miami (OH),-7.0,-7.0,7.01,6.9,7.06,-0.1,0.834,0.817,0.05,0.043,
Maryland,1.0,1.0,5.4,5.31,5.3,-0.1,0.468,0.444,0.003,0.003,
Wyoming,-13.1,-13.1,5.55,5.45,5.8,-0.1,0.507,0.481,0.007,0.006,
Virginia,7.9,7.4,7.63,7.52,7.31,-0.11,0.908,0.896,0.115,0.1,
Northwestern,1.4,1.4,5.18,5.08,4.94,-0.11,0.412,0.381,0.001,0.001,under
Michigan State,0.3,-0.2,4.73,4.62,4.72,-0.11,0.3,0.275,0.001,0.0,
Western Michigan,-4.0,-4.0,7.47,7.3,7.53,-0.16,0.905,0.884,0.08,0.068,
Buffalo,-10.8,-10.8,6.62,6.42,6.55,-0.2,0.771,0.732,0.022,0.015,
Charlotte,-14.6,-15.5,4.18,3.97,4.08,-0.21,0.188,0.147,0.0,0.0,
Delaware,-6.6,-7.7,6.69,6.43,6.13,-0.26,0.779,0.725,0.034,0.022,under
Florida State,9.3,7.9,6.72,6.43,5.77,-0.29,0.785,0.729,0.031,0.02,under
USC,17.0,15.9,8.16,7.85,7.83,-0.31,0.97,0.951,0.164,0.116,
Michigan,15.9,13.7,7.75,7.23,6.51,-0.51,0.94,0.884,0.104,0.054,
Missouri State,-10.3,-12.6,5.66,5.14,5.13,-0.51,0.54,0.408,0.005,0.002,
Nebraska,8.8,6.3,6.72,6.21,6.13,-0.51,0.799,0.684,0.025,0.009,
Ohio,-8.0,-10.4,6.96,6.42,6.98,-0.55,0.822,0.713,0.05,0.024,
Southern Miss,-5.1,-10.5,6.75,5.44,5.58,-1.32,0.789,0.478,0.036,0.004,under
Sacramento State,-10.4,-17.3,6.57,4.89,6.59,-1.68,0.749,0.343,0.029,0.002,
